{"stats":{"minecraft:dropped":{"minecraft:apple":1,"minecraft:item_frame":1,"minecraft:wooden_sword":4,"minecraft:glistering_melon_slice":1,"minecraft:rotten_flesh":7},"minecraft:used":{"minecraft:spruce_planks":4,"minecraft:chest":3,"supplementaries:globe":2,"simplyswords:iron_katana":293,"minecraft:diamond_helmet":1,"minecraft:honey_bottle":4,"minecraft:birch_door":1,"minecraft:wooden_axe":116,"minecraft:dark_oak_planks":1,"supplementaries:globe_sepia":5,"minecraft:mangrove_stairs":1,"minecraft:lantern":1,"minecraft:dark_oak_slab":8,"minecraft:stone_brick_stairs":3,"minecraft:item_frame":3,"minecraft:rabbit_stew":2,"tombstone:gift":8,"minecraft:beetroot_soup":1,"minecraft:calcite":3,"minecraft:mossy_stone_bricks":1,"minecraft:leather_leggings":1,"minecraft:spruce_door":1,"minecraft:glass_bottle":19,"minecraft:cyan_candle":4,"minecraft:mangrove_planks":9,"minecraft:cartography_table":1,"minecraft:wooden_pickaxe":96,"minecraft:leather_chestplate":1,"minecraft:leather_boots":1,"minecraft:cracked_stone_bricks":1,"minecraft:golden_apple":1,"minecraft:stripped_mangrove_wood":4,"minecraft:dark_oak_trapdoor":1,"minecraft:crafting_table":4,"minecraft:mushroom_stew":11,"bakery:vegetable_sandwich":4,"rpgsmw:steel_gauntlet":129,"rpgsmw:iron_gauntlet":136,"minecraft:apple":1,"minecraft:cyan_bed":1,"minecraft:map":1,"minecraft:spruce_trapdoor":1,"tombstone:grave_key":12,"minecraft:wooden_sword":373,"minecraft:cobblestone":5,"minecraft:potion":17,"minecraft:chainmail_boots":1,"supplementaries:slice_map":1},"minecraft:mined":{"minecraft:dark_oak_planks":2,"minecraft:spruce_planks":5,"minecraft:candle":1,"minecraft:dark_oak_log":6,"minecraft:red_nether_bricks":2,"minecraft:brewing_stand":1,"minecraft:spruce_trapdoor":3,"minecraft:dark_oak_fence":1,"minecraft:cartography_table":1,"minecraft:spawner":6,"minecraft:dark_oak_trapdoor":2,"minecraft:dark_oak_stairs":4,"minecraft:lantern":1,"minecraft:packed_ice":5,"minecraft:stone":5,"minecraft:stripped_mangrove_wood":28,"minecraft:player_head":1,"minecraft:spruce_slab":1,"minecraft:mangrove_stairs":4,"minecraft:amethyst_cluster":1,"minecraft:stone_brick_slab":1,"minecraft:spruce_door":2,"minecraft:soul_lantern":4,"minecraft:crafting_table":2,"minecraft:calcite":25,"minecraft:cobblestone":4,"minecraft:cyan_bed":2,"minecraft:diorite":1,"minecraft:spruce_stairs":5,"minecraft:dark_oak_slab":17,"minecraft:birch_trapdoor":3,"minecraft:blue_ice":4,"minecraft:ice":6,"minecraft:white_carpet":1,"minecraft:birch_door":21,"minecraft:mangrove_planks":3,"minecraft:stone_brick_stairs":5,"minecraft:mangrove_slab":2,"minecraft:coal_ore":14,"minecraft:cyan_carpet":8,"minecraft:cobweb":2,"minecraft:cracked_stone_bricks":2,"minecraft:wither_skeleton_skull":1,"minecraft:mossy_stone_bricks":2,"minecraft:cyan_candle":3},"minecraft:picked_up":{"minecraft:crafting_table":2,"minecraft:birch_door":24,"minecraft:potion":2,"minecraft:stone_brick_stairs":5,"minecraft:brewing_stand":1,"minecraft:dark_oak_trapdoor":2,"minecraft:string":2,"minecraft:wooden_sword":2,"minecraft:red_nether_bricks":2,"minecraft:beetroot_soup":1,"minecraft:armor_stand":1,"minecraft:item_frame":5,"minecraft:white_carpet":1,"minecraft:cyan_carpet":8,"minecraft:cracked_stone_bricks":2,"minecraft:cartography_table":1,"minecraft:candle":1,"bosses_of_mass_destruction:soul_star":2,"minecraft:spruce_planks":5,"minecraft:player_head":1,"minecraft:calcite":25,"minecraft:spruce_slab":1,"minecraft:spruce_trapdoor":3,"minecraft:stripped_mangrove_wood":28,"minecraft:birch_trapdoor":3,"minecraft:spruce_stairs":5,"tombstone:grave_dust":10,"minecraft:diorite":1,"minecraft:mangrove_sign":3,"majruszsaccessories:dream_catcher":2,"minecraft:dark_oak_planks":2,"minecraft:arrow":24,"minecraft:honey_bottle":2,"minecraft:mangrove_stairs":4,"minecraft:rotten_flesh":94,"tombstone:essence_of_undeath":1,"minecraft:glistering_melon_slice":1,"minecraft:cobblestone":9,"majruszsaccessories:tool_scraps":1,"minecraft:potato":2,"minecraft:wither_skeleton_skull":1,"minecraft:mangrove_slab":2,"minecraft:lantern":1,"tombstone:gift":1,"minecraft:bone":18,"minecraft:apple":1,"tombstone:bag_of_seeds":1,"minecraft:mossy_stone_bricks":2,"minecraft:cyan_candle":8,"minecraft:mangrove_planks":3,"minecraft:dark_oak_stairs":4,"minecraft:dark_oak_slab":17,"minecraft:stone_brick_slab":1,"minecraft:amethyst_shard":4,"minecraft:cyan_bed":2,"minecraft:dark_oak_log":6,"minecraft:spruce_door":2,"rpgsmw:iron_gauntlet":1,"minecraft:bundle":4,"minecraft:soul_lantern":4,"minecraft:writable_book":1,"minecraft:golden_apple":1,"minecraft:spruce_sign":2,"tombstone:magic_scroll":1,"minecraft:dark_oak_fence":1,"minecraft:coal":17},"minecraft:killed":{"minecraft:phantom":1,"minecraft:skeleton":23,"minecraft:guardian":4,"minecraft:husk":79},"minecraft:crafted":{"minecraft:wooden_sword":4,"minecraft:iron_nugget":2,"map_atlases:atlas":3,"magistuarmory:steel_ingot":3,"tombstone:grave_key":6,"minecraft:chest":3,"minecraft:dark_oak_planks":24,"bakery:vegetable_sandwich":9,"minecraft:crafting_table":3,"minecraft:wooden_pickaxe":1,"rpgsmw:steel":7,"minecraft:mangrove_planks":96,"rpgsmw:rainforcedstick":1,"minecraft:air":0,"rpgsmw:steel_gauntlet":1,"minecraft:stick":20,"minecraft:iron_ingot":1,"minecraft:wooden_axe":1},"minecraft:broken":{"minecraft:leather_leggings":1,"simplyswords:iron_katana":1,"minecraft:wooden_pickaxe":1,"minecraft:wooden_sword":4,"minecraft:leather_boots":1,"minecraft:wooden_axe":1},"minecraft:killed_by":{"minecraft:husk":2},"minecraft:custom":{"minecraft:mob_kills":107,"minecraft:interact_with_crafting_table":45,"minecraft:open_barrel":47,"minecraft:damage_dealt_resisted":12337,"minecraft:eat_cake_slice":4,"minecraft:leave_game":2,"minecraft:time_since_death":13912,"minecraft:climb_one_cm":10081,"minecraft:damage_resisted":1552,"minecraft:sprint_one_cm":176515,"minecraft:walk_one_cm":264380,"minecraft:drop":8,"minecraft:play_noteblock":1,"minecraft:play_time":179048,"minecraft:sneak_time":3725,"minecraft:deaths":24,"minecraft:interact_with_lectern":1,"minecraft:jump":343,"minecraft:interact_with_blast_furnace":19,"minecraft:walk_on_water_one_cm":44715,"minecraft:total_world_time":179048,"minecraft:interact_with_cartography_table":2,"minecraft:sleep_in_bed":5,"minecraft:time_since_rest":13847,"minecraft:damage_taken":12421,"tombstone:sneak_grave":3,"minecraft:damage_dealt":41029,"minecraft:fly_one_cm":85869,"minecraft:open_chest":52,"minecraft:crouch_one_cm":14996,"tombstone:undead_killed":102,"minecraft:fall_one_cm":18397}},"DataVersion":3465}