{"stats":{"minecraft:mined":{"minecraft:dark_oak_planks":52,"minecraft:spruce_planks":75,"minecraft:stone_pressure_plate":1,"minecraft:mossy_cobblestone":2,"butcher:bloodgrate":2,"farmersdelight:wild_carrots":1,"minecraft:spruce_trapdoor":2,"minecraft:ladder":6,"vinery:taiga_grape_bush_red":2,"butcher:cow_headf":2,"minecraft:redstone_wire":1,"minecraft:coal_block":16,"minecraft:soul_campfire":3,"minecraft:spruce_leaves":7,"minecraft:cartography_table":1,"minecraft:spawner":4,"minecraft:large_fern":1,"minecraft:hay_block":15,"minecraft:furnace":2,"minecraft:dark_oak_trapdoor":9,"minecraft:barrel":13,"minecraft:pumpkin":9,"minecraft:stripped_dark_oak_wood":3,"minecraft:dark_oak_stairs":26,"minecraft:polished_deepslate":2,"minecraft:bookshelf":34,"minecraft:vine":1,"minecraft:dirt_path":1,"minecraft:lantern":1,"minecraft:stone":15,"minecraft:stripped_mangrove_wood":23,"minecraft:spruce_slab":20,"minecraft:podzol":3,"minecraft:smithing_table":2,"brewery:wild_hops":1,"minecraft:polished_deepslate_stairs":3,"minecraft:stripped_dark_oak_log":1,"minecraft:soul_lantern":3,"minecraft:torch":1,"minecraft:crafting_table":4,"minecraft:note_block":22,"minecraft:blast_furnace":6,"minecraft:calcite":52,"minecraft:melon":3,"minecraft:chest":13,"minecraft:lectern":1,"minecraft:spruce_wall_sign":1,"minecraft:copper_ore":9,"minecraft:cyan_bed":11,"butcher:cowcorpse":4,"minecraft:damaged_anvil":2,"minecraft:diorite":9,"butcher:butcherstable":1,"minecraft:spruce_stairs":15,"minecraft:cyan_wool":1,"minecraft:purple_bed":1,"butcher:drained_hanging_cow":2,"minecraft:dark_oak_slab":49,"minecraft:ice":1,"minecraft:birch_door":3,"minecraft:spruce_log":41,"minecraft:jukebox":1,"minecraft:grass":4,"minecraft:mangrove_slab":6,"minecraft:cyan_carpet":17,"minecraft:loom":3,"minecraft:gray_carpet":9,"minecraft:cobweb":10,"minecraft:netherrack":7,"minecraft:polished_deepslate_wall":3,"minecraft:cyan_candle":2,"minecraft:fern":3},"minecraft:killed":{"minecraft:vindicator":2,"minecraft:spider":3,"minecraft:phantom":1,"minecraft:skeleton":18,"minecraft:guardian":1,"alexsmobs:bison":2,"minecraft:husk":10,"majruszsdifficulty:cursed_armor":1,"minecraft:frog":1,"minecraft:creeper":1,"minecraft:pillager":6,"minecraft:zombie":7},"minecraft:killed_by":{"minecraft:husk":1,"alexsmobs:bison":1,"minecraft:vindicator":1,"minecraft:skeleton":5},"minecraft:custom":{"minecraft:interact_with_smithing_table":2,"minecraft:mob_kills":57,"minecraft:interact_with_crafting_table":34,"minecraft:open_barrel":114,"minecraft:eat_cake_slice":4,"minecraft:leave_game":1,"minecraft:time_since_death":49927,"minecraft:climb_one_cm":13714,"minecraft:sprint_one_cm":454645,"minecraft:walk_one_cm":390000,"minecraft:drop":12,"minecraft:play_noteblock":30,"minecraft:talked_to_villager":6,"minecraft:play_time":186261,"minecraft:deaths":16,"minecraft:sneak_time":2651,"minecraft:walk_under_water_one_cm":32600,"minecraft:interact_with_lectern":1,"minecraft:jump":1397,"minecraft:interact_with_blast_furnace":12,"minecraft:walk_on_water_one_cm":28387,"minecraft:total_world_time":186261,"minecraft:interact_with_furnace":2,"tombstone:raider_killed":8,"minecraft:interact_with_loom":1,"minecraft:sleep_in_bed":4,"minecraft:time_since_rest":49318,"minecraft:damage_taken":4912,"tombstone:sneak_grave":1,"minecraft:damage_dealt":12620,"minecraft:swim_one_cm":73486,"minecraft:fly_one_cm":317945,"minecraft:open_chest":121,"minecraft:crouch_one_cm":10378,"tombstone:undead_killed":35,"minecraft:fall_one_cm":38060},"minecraft:dropped":{"minecraft:mossy_cobblestone":4,"minecraft:chainmail_helmet":1,"minecraft:flint":1,"minecraft:stick":5,"minecraft:dirt":19,"minecraft:snowball":1,"minecraft:cyan_candle":3,"minecraft:gray_carpet":2,"minecraft:fern":1,"minecraft:chainmail_chestplate":1,"simplyswords:iron_spear":1},"minecraft:used":{"minecraft:spruce_slab":18,"minecraft:ladder":1,"minecraft:black_carpet":1,"minecraft:chest":12,"minecraft:spruce_planks":46,"minecraft:torch":33,"butcher:cowcorpseitem":9,"minecraft:spruce_stairs":7,"minecraft:polished_deepslate_stairs":1,"butcher:emptyskinrack":2,"minecraft:dark_oak_planks":5,"butcher:cow_headf":2,"minecraft:lantern":13,"minecraft:iron_axe":310,"minecraft:polished_deepslate_wall":3,"minecraft:dark_oak_slab":54,"minecraft:barrel":6,"butcher:bloodgrate":5,"minecraft:mangrove_slab":3,"tombstone:gift":3,"minecraft:cooked_beef":1,"minecraft:iron_leggings":1,"simplyswords:iron_spear":353,"farmersdelight:iron_knife":1,"minecraft:dark_oak_stairs":21,"minecraft:water_bucket":10,"minecraft:glass_bottle":40,"minecraft:cyan_candle":3,"minecraft:stone_pickaxe":131,"butcher:butchers_knife":1,"minecraft:leather_chestplate":1,"minecraft:wooden_pickaxe":9,"minecraft:spruce_sign":3,"minecraft:leather_boots":1,"minecraft:dark_oak_trapdoor":1,"minecraft:stripped_mangrove_wood":7,"minecraft:crafting_table":6,"minecraft:mushroom_stew":15,"minecraft:crossbow":4,"minecraft:campfire":2,"minecraft:cake":1,"minecraft:spruce_log":10,"minecraft:apple":1,"minecraft:bread":2,"minecraft:cyan_bed":4,"minecraft:melon_slice":1,"minecraft:iron_pickaxe":8,"minecraft:cyan_carpet":4,"minecraft:leather_helmet":1,"minecraft:spruce_trapdoor":3,"tombstone:grave_key":28,"butcher:butcherstable":2,"minecraft:stone_axe":133,"minecraft:potion":45,"minecraft:chain":2,"minecraft:bucket":11},"minecraft:picked_up":{"unusual_delight:spider_leg":6,"minecraft:crafting_table":4,"minecraft:birch_door":4,"minecraft:black_carpet":7,"minecraft:ladder":4,"minecraft:smithing_table":2,"minecraft:potion":2,"butcher:cowcorpseitem":9,"minecraft:golden_sword":1,"minecraft:polished_deepslate_wall":3,"butcher:raw_sirloin_steak":3,"minecraft:polished_deepslate":2,"minecraft:soul_soil":2,"minecraft:string":14,"minecraft:dark_oak_trapdoor":9,"minecraft:raw_copper":27,"minecraft:cooked_salmon":1,"minecraft:item_frame":4,"minecraft:iron_shovel":1,"minecraft:cyan_carpet":17,"minecraft:sea_pickle":2,"minecraft:cartography_table":1,"minecraft:beef":3,"minecraft:spruce_planks":74,"minecraft:cyan_wool":1,"minecraft:calcite":52,"minecraft:iron_pickaxe":1,"minecraft:spruce_slab":21,"minecraft:lectern":1,"minecraft:melon_slice":19,"minecraft:coal_block":15,"minecraft:chest":13,"minecraft:spruce_trapdoor":6,"farmersdelight:cabbage_seeds":3,"minecraft:furnace":2,"minecraft:stick":5,"minecraft:stripped_mangrove_wood":26,"minecraft:jukebox":1,"butcher:bloodgrate":2,"minecraft:polished_deepslate_stairs":3,"minecraft:torch":1,"minecraft:bowl":2,"minecraft:spruce_stairs":15,"minecraft:note_block":22,"minecraft:cake":2,"minecraft:diorite":9,"tombstone:grave_dust":11,"minecraft:mangrove_sign":6,"minecraft:carrot":7,"minecraft:redstone":1,"minecraft:stone_pressure_plate":1,"minecraft:dark_oak_planks":54,"minecraft:arrow":25,"minecraft:rotten_flesh":17,"minecraft:pumpkin_pie":1,"minecraft:hay_block":15,"alexsdelight:raw_bison":6,"minecraft:stripped_dark_oak_wood":3,"minecraft:snowball":1,"minecraft:cobblestone":15,"butcher:butcherstable":1,"minecraft:cooked_beef":2,"farmersdelight:rice":8,"minecraft:tripwire_hook":6,"minecraft:leather":2,"minecraft:fern":1,"minecraft:potato":21,"minecraft:mushroom_stew":5,"minecraft:gunpowder":4,"minecraft:mangrove_slab":6,"minecraft:dirt":20,"minecraft:lantern":4,"butcher:cow_skin":6,"brewery:hops_seeds":4,"minecraft:bone":48,"butcher:raw_ribeye_steak":3,"minecraft:apple":5,"minecraft:gray_carpet":14,"butcher:raw_tbone_steak":3,"tombstone:bag_of_seeds":1,"minecraft:cyan_candle":6,"butcher:raw_chuck_steak":3,"simplyswords:iron_spear":2,"butcher:cow_headf":5,"minecraft:dark_oak_stairs":26,"minecraft:book":102,"minecraft:dark_oak_slab":54,"minecraft:cooked_porkchop":1,"minecraft:pumpkin":9,"minecraft:sweet_berries":7,"vinery:taiga_grape_seeds_red":6,"butcher:raw_rump_steak":3,"minecraft:spruce_sapling":7,"minecraft:cyan_bed":7,"minecraft:blast_furnace":6,"minecraft:spruce_log":46,"minecraft:loom":3,"butcher:cowhoof":12,"minecraft:spider_eye":1,"minecraft:spruce_door":1,"minecraft:barrel":13,"minecraft:mossy_cobblestone":4,"minecraft:bundle":1,"minecraft:pumpkin_seeds":12,"minecraft:soul_lantern":4,"minecraft:crossbow":1,"butcher:frog":1,"minecraft:spruce_sign":16,"minecraft:emerald":5,"minecraft:bread":16,"minecraft:netherrack":7,"tombstone:magic_scroll":1,"minecraft:damaged_anvil":2,"minecraft:stripped_dark_oak_log":1,"minecraft:dark_oak_fence":1,"minecraft:coal":3},"minecraft:crafted":{"butcher:bloodgrate":3,"minecraft:coal":18,"butcher:hammer":1,"minecraft:iron_nugget":486,"simplyswords:iron_spear":2,"minecraft:chain":2,"butcher:sponge":4,"minecraft:iron_bars":16,"minecraft:lantern":9,"minecraft:iron_axe":1,"tombstone:grave_key":7,"minecraft:spruce_slab":6,"minecraft:stone_pickaxe":1,"minecraft:chest":4,"butcher:emptyskinrack":2,"minecraft:dark_oak_planks":12,"minecraft:iron_trapdoor":3,"minecraft:dark_oak_stairs":4,"butcher:pliers":1,"minecraft:crafting_table":3,"farmersdelight:iron_knife":1,"minecraft:spruce_planks":80,"minecraft:wooden_pickaxe":1,"butcher:skinning_knife":1,"minecraft:copper_ingot":27,"minecraft:bucket":1,"minecraft:campfire":2,"minecraft:stone_axe":1,"minecraft:air":0,"minecraft:dark_oak_slab":12,"minecraft:stick":53,"butcher:hook":3,"minecraft:iron_ingot":41,"butcher:butchers_knife":1,"minecraft:torch":44,"minecraft:shears":1,"butcher:butcherstable":1},"minecraft:broken":{"minecraft:stone_pickaxe":1,"minecraft:iron_axe":1,"minecraft:leather_boots":1,"minecraft:stone_axe":1}},"DataVersion":3465}