{"stats":{"minecraft:crafted":{"minecraft:wooden_sword":1,"minecraft:oak_planks":20,"minecraft:coal":27,"minecraft:iron_nugget":18,"simplyswords:iron_spear":4,"metalbarrels:wood_to_iron":2,"minecraft:oak_trapdoor":2,"minecraft:glass":8,"minecraft:iron_axe":2,"minecraft:chest":4,"minecraft:oak_slab":6,"minecraft:crafting_table":1,"minecraft:wooden_pickaxe":1,"minecraft:mangrove_trapdoor":4,"minecraft:mangrove_planks":56,"minecraft:bucket":1,"minecraft:air":0,"simplyswords:iron_scythe":1,"minecraft:charcoal":6,"toughasnails:water_purifier":1,"minecraft:stick":24,"minecraft:iron_pickaxe":1,"minecraft:iron_shovel":1,"minecraft:torch":20},"minecraft:killed_by":{"minecraft:husk":1,"minecraft:stray":1,"minecraft:skeleton":2},"minecraft:broken":{"simplyswords:iron_claymore":1,"minecraft:iron_axe":1,"majruszsdifficulty:tattered_helmet":1,"simplyswords:iron_spear":3,"minecraft:wooden_sword":1},"minecraft:mined":{"minecraft:dark_oak_planks":16,"minecraft:spruce_planks":36,"minecraft:spruce_trapdoor":3,"minecraft:ladder":6,"minecraft:dark_oak_fence":23,"sawmill:sawmill":1,"minecraft:coal_block":3,"minecraft:mangrove_trapdoor":7,"minecraft:frosted_ice":1,"minecraft:cartography_table":1,"minecraft:spawner":4,"minecraft:hay_block":19,"minecraft:oak_trapdoor":5,"minecraft:furnace":3,"minecraft:dark_oak_trapdoor":3,"minecraft:barrel":9,"minecraft:stripped_dark_oak_wood":8,"minecraft:dark_oak_stairs":18,"minecraft:polished_deepslate":3,"minecraft:bookshelf":14,"diagonalfences:minecraft/dark_oak_fence":23,"amendments:wall_lantern":1,"minecraft:iron_bars":2,"minecraft:stripped_mangrove_wood":32,"minecraft:player_head":2,"minecraft:spruce_slab":21,"minecraft:waxed_cut_copper_stairs":8,"minecraft:smithing_table":1,"minecraft:oak_slab":10,"minecraft:polished_deepslate_stairs":4,"minecraft:stripped_dark_oak_log":1,"minecraft:soul_lantern":7,"minecraft:crafting_table":2,"minecraft:torch":2,"minecraft:blast_furnace":1,"minecraft:calcite":78,"minecraft:chest":2,"candlelight:wild_tomatoes":2,"minecraft:lectern":1,"minecraft:tall_grass":1,"minecraft:cyan_bed":11,"minecraft:diorite":14,"minecraft:wall_torch":1,"minecraft:spruce_stairs":28,"minecraft:cyan_wool":1,"minecraft:dark_oak_slab":12,"minecraft:birch_door":9,"minecraft:grass":8,"minecraft:mangrove_slab":2,"minecraft:oak_log":5,"minecraft:coal_ore":15,"minecraft:loom":1,"minecraft:cyan_carpet":33,"minecraft:sand":53,"minecraft:gray_carpet":26,"minecraft:tripwire_hook":4,"minecraft:cyan_candle":13,"minecraft:oak_leaves":2,"minecraft:polished_deepslate_wall":1},"minecraft:picked_up":{"minecraft:crafting_table":2,"minecraft:birch_door":12,"minecraft:ladder":6,"minecraft:smithing_table":1,"tombstone:tablet_of_home":1,"minecraft:potion":1,"minecraft:polished_deepslate_wall":1,"minecraft:polished_deepslate":3,"alexsmobs:gazelle_horn":2,"minecraft:oak_trapdoor":5,"minecraft:string":6,"minecraft:dark_oak_trapdoor":2,"minecraft:cooked_salmon":1,"minecraft:item_frame":3,"minecraft:cyan_carpet":86,"minecraft:beetroot":1,"minecraft:cartography_table":1,"bosses_of_mass_destruction:soul_star":3,"minecraft:spruce_planks":35,"minecraft:player_head":2,"sawmill:sawmill":1,"minecraft:cyan_wool":1,"minecraft:calcite":79,"minecraft:spruce_slab":22,"minecraft:lectern":1,"minecraft:coal_block":3,"minecraft:chest":2,"minecraft:spruce_trapdoor":3,"minecraft:furnace":3,"minecraft:dark_oak_door":1,"minecraft:tipped_arrow":2,"minecraft:stick":3,"minecraft:stripped_mangrove_wood":32,"minecraft:polished_deepslate_stairs":4,"minecraft:torch":8,"minecraft:spruce_stairs":36,"minecraft:diorite":14,"tombstone:grave_dust":20,"minecraft:mangrove_sign":2,"minecraft:carrot":2,"minecraft:mangrove_trapdoor":7,"majruszsaccessories:dream_catcher":1,"minecraft:dark_oak_planks":16,"minecraft:waxed_cut_copper_stairs":8,"minecraft:arrow":34,"minecraft:rotten_flesh":140,"minecraft:hay_block":19,"minecraft:stripped_dark_oak_wood":8,"minecraft:mutton":1,"minecraft:iron_bars":2,"minecraft:feather":1,"butcher:pig_corpse_item":2,"minecraft:tripwire_hook":7,"majruszsdifficulty:tattered_helmet":1,"majruszsdifficulty:cloth":10,"minecraft:oak_log":5,"skilltree:gem":2,"minecraft:mangrove_slab":2,"endrem:undead_soul":1,"minecraft:bone":39,"minecraft:gray_carpet":37,"majruszsdifficulty:tattered_leggings":1,"minecraft:wheat_seeds":17,"minecraft:iron_ingot":4,"candlelight:tomato":2,"minecraft:cyan_candle":35,"minecraft:dark_oak_stairs":15,"minecraft:book":42,"minecraft:oak_slab":15,"minecraft:dark_oak_slab":22,"minecraft:cooked_porkchop":1,"minecraft:sand":52,"minecraft:blast_furnace":1,"minecraft:loom":1,"minecraft:cyan_bed":5,"minecraft:barrel":9,"minecraft:bundle":4,"minecraft:soul_lantern":10,"minecraft:painting":5,"minecraft:spruce_sign":10,"minecraft:melon_seeds":1,"alexsmobs:maggot":1,"tombstone:magic_scroll":2,"minecraft:oak_sapling":2,"minecraft:stripped_dark_oak_log":1,"minecraft:dark_oak_fence":46,"majruszsdifficulty:tattered_chestplate":1,"minecraft:coal":42},"minecraft:custom":{"minecraft:interact_with_smithing_table":1,"minecraft:mob_kills":177,"minecraft:interact_with_crafting_table":25,"minecraft:open_barrel":91,"minecraft:eat_cake_slice":7,"minecraft:leave_game":3,"minecraft:time_since_death":25389,"minecraft:climb_one_cm":10856,"minecraft:sprint_one_cm":336065,"minecraft:walk_one_cm":415346,"minecraft:drop":10,"minecraft:play_noteblock":8,"minecraft:damage_dealt_absorbed":120,"minecraft:talked_to_villager":2,"minecraft:play_time":146489,"minecraft:deaths":6,"minecraft:sneak_time":1592,"minecraft:walk_under_water_one_cm":39419,"minecraft:jump":936,"minecraft:interact_with_blast_furnace":1,"minecraft:walk_on_water_one_cm":29560,"minecraft:total_world_time":146489,"minecraft:interact_with_furnace":12,"minecraft:tune_noteblock":1,"minecraft:interact_with_cartography_table":5,"minecraft:interact_with_stonecutter":1,"minecraft:sleep_in_bed":4,"minecraft:time_since_rest":25250,"minecraft:damage_taken":5707,"minecraft:damage_dealt":61192,"minecraft:swim_one_cm":53122,"minecraft:fly_one_cm":156685,"minecraft:open_chest":80,"minecraft:crouch_one_cm":6695,"tombstone:undead_killed":167,"minecraft:fall_one_cm":26203},"minecraft:killed":{"minecraft:spider":3,"minecraft:phantom":1,"minecraft:skeleton":31,"minecraft:skeleton_horse":1,"minecraft:husk":116,"majruszsdifficulty:tank":1,"alexsmobs:emu":1,"minecraft:zombie":15,"alexsmobs:gazelle":3,"minecraft:stray":3,"alexsmobs:fly":1},"minecraft:dropped":{"minecraft:oak_slab":4,"minecraft:wheat_seeds":2,"minecraft:spruce_stairs":9,"minecraft:cyan_candle":6,"minecraft:calcite":1},"minecraft:used":{"minecraft:oak_trapdoor":5,"minecraft:writable_book":1,"simplyswords:iron_claymore":249,"minecraft:iron_shovel":56,"toughasnails:water_purifier":1,"minecraft:spruce_slab":16,"minecraft:ladder":1,"minecraft:chest":6,"minecraft:spruce_planks":10,"minecraft:player_head":1,"minecraft:torch":28,"minecraft:spruce_stairs":12,"minecraft:chainmail_chestplate":1,"minecraft:dark_oak_planks":12,"minecraft:stripped_dark_oak_wood":2,"minecraft:iron_axe":311,"minecraft:barrel":3,"minecraft:item_frame":1,"minecraft:tripwire_hook":1,"simplyswords:iron_scythe":183,"minecraft:furnace":2,"tombstone:gift":5,"minecraft:iron_leggings":1,"minecraft:calcite":2,"simplyswords:iron_spear":977,"minecraft:dark_oak_stairs":12,"minecraft:water_bucket":23,"minecraft:cyan_candle":4,"minecraft:glass_bottle":54,"minecraft:gray_carpet":12,"minecraft:cartography_table":1,"minecraft:wooden_pickaxe":2,"minecraft:leather_chestplate":1,"minecraft:leather_boots":1,"minecraft:stripped_mangrove_wood":9,"minecraft:dark_oak_trapdoor":2,"minecraft:mangrove_trapdoor":10,"minecraft:oak_slab":11,"minecraft:crafting_table":2,"minecraft:mushroom_stew":4,"minecraft:cake":1,"majruszsdifficulty:undead_army_treasure_bag":1,"minecraft:bread":3,"minecraft:map":1,"minecraft:cyan_bed":1,"minecraft:iron_pickaxe":150,"minecraft:cyan_carpet":2,"minecraft:leather_helmet":1,"tombstone:grave_key":2,"minecraft:spruce_trapdoor":3,"minecraft:soul_lantern":10,"metalbarrels:wood_to_iron":2,"minecraft:wooden_sword":59,"minecraft:potion":53,"toughasnails:purified_water_bottle":2,"minecraft:cooked_porkchop":1,"minecraft:dark_oak_fence":29,"minecraft:smithing_table":1,"minecraft:bucket":24,"minecraft:pumpkin_pie":12,"minecraft:air":2}},"DataVersion":3465}