{"stats":{"minecraft:custom":{"minecraft:jump":139,"minecraft:time_since_rest":1,"minecraft:damage_dealt":10,"minecraft:leave_game":1,"minecraft:deaths":2,"minecraft:sprint_one_cm":5217,"minecraft:play_time":10106,"minecraft:damage_taken":662,"minecraft:time_since_death":106,"minecraft:walk_one_cm":8996,"minecraft:total_world_time":10106,"minecraft:fall_one_cm":1314,"minecraft:fly_one_cm":6962},"minecraft:picked_up":{"minecraft:wheat_seeds":1},"minecraft:mined":{"minecraft:tall_grass":6,"minecraft:grass":5}},"DataVersion":3465}